CS505,Java Software Solutions etc (w/Bind-In Access) Edition: 8th,Y 9780133360929
CS656,Computer Networking: Top-Down Appr (w/Bind-in Access),Y N/A
IT120,Managing & Troubleshooting Networks (w/CD & eText) Edition: 4th,Y 9780071788823
IT220,CWNA Guide to Wireless LANs Edition: 3rd,Y 9781133132172
IT230,CompTIA Security+ Gde to Netwk Secty Fund (w/Access) Edition: 5th,Y 9781305093911
IT340,CompTIA Linux+ Complete Study Guide Edition: N/A,Y 9781119021216
IT420,Computer Networks & Internets etc (w/Access Code) Edition: 6th,Y N/A
IT114,Intro to JAVA Prog: Comprehensive (w/Bind-In Access) Edition:10th,Y 9780133761313
IT610,Course Materials have not been determined. Check back soon for updates.,N N/A
IT620,Course Materials have not been determined. Check back soon for updates.,N N/A
IT635,Course Materials have not been determined. Check back soon for updates.,N N/A
IT640,Web Server Administration Edition: N/A,Y 9781423903239
IS331,Database Processing: Fundamentals, Design & Implementation Edition: 14th,Y 9780133876703
IS677,Managing & Using Information Systems (Loose Pgs) Edition: 6th,Y N/A
IS680,IT Auditing Edition: N/A,Y 9781133949886
IS681,Information Technology Auditing Edition: 4th,Y 9781133949886
IS682,Course Materials have not been determined. Check back soon for updates.,N N/A