_id,book_name,date,author,edition
9780133360929,Java Software Solutions etc (w/Bind-In Access),N/A,N/A,8th
9780133594140,Computer Networking: Top-Down Appr (w/Bind-in Access),N/A,N/A,3rd
9780071788823,Managing & Troubleshooting Networks (w/CD & eText),N/A,N/A,4th
9781133132172,CWNA Guide to Wireless LANs,N/A,N/A,3rd
9781305093911,CompTIA Security+ Gde to Netwk Secty Fund (w/Access),N/A,N/A,5th
9781119021216,CompTIA Linux+ Complete Study Guide,N/A,N/A,8th
9780133587937,Computer Networks & Internets etc (w/Access Code),N/A,N/A,6th
9780133761313,Intro to JAVA Prog: Comprehensive (w/Bind-In Access),N/A,N/A,10th
9781423903239,Web Server Administration,N/A,N/A,ANY
9780133876703,Database Processing: Fundamentals Design & Implementation,N/A,N/A,14th
9781119244288,Managing & Using Information Systems (Loose Pgs),N/A,N/A,6th
9781133949886,IT Auditing,N/A,N/A,N/A
9781133949886,Information Technology Auditing Edition,N/A,N/A,4th
